policy,mode,tp,fp,fn,precision,recall,f1
secure,combined,356,67,54,0.841608,0.868293,0.854742
secure,ner,170,105,73,0.618182,0.699588,0.656371
secure,regex,188,1,1,0.994709,0.994709,0.994709
