policy,domain,tp,fp,fn,precision,recall,f1
minimal,Chats,82,2,2,0.976190,0.976190,0.976190
minimal,E-Mail,39,0,0,1.000000,1.000000,1.000000
minimal,HR-Dokumente,23,0,0,1.000000,1.000000,1.000000
minimal,Supporttickets,22,0,0,1.000000,1.000000,1.000000
minimal,Verträge,39,0,0,1.000000,1.000000,1.000000
