policy,mode,tp,fp,fn,precision,recall,f1
secure,combined,369,16,41,0.958442,0.900000,0.928302
secure,ner,181,21,62,0.896040,0.744856,0.813483
secure,regex,188,1,1,0.994709,0.994709,0.994709
