policy,mode,tp,fp,fn,precision,recall,f1
secure,combined,358,51,48,0.875306,0.881773,0.878528
secure,ner,188,53,51,0.780083,0.786611,0.783333
secure,regex,187,2,2,0.989418,0.989418,0.989418
