policy,mode,structure,tp,fp,fn,precision,recall,f1
secure,combined,regular,118,12,18,0.907692,0.867647,0.887218
secure,combined,structured,117,18,16,0.866667,0.879699,0.873134
secure,combined,unstructured,123,21,14,0.854167,0.897810,0.875445
secure,ner,regular,64,10,18,0.864865,0.780488,0.820513
secure,ner,structured,58,20,17,0.743590,0.773333,0.758170
secure,ner,unstructured,66,23,16,0.741573,0.804878,0.771930
secure,regex,regular,61,2,1,0.968254,0.983871,0.976000
secure,regex,structured,65,0,1,1.000000,0.984848,0.992366
secure,regex,unstructured,61,0,0,1.000000,1.000000,1.000000
