policy,domain,tp,fp,fn,precision,recall,f1
secure,Chats,117,8,3,0.936000,0.975000,0.955102
secure,E-Mail,59,1,8,0.983333,0.880597,0.929134
secure,HR-Dokumente,75,4,7,0.949367,0.914634,0.931677
secure,Supporttickets,41,0,2,1.000000,0.953488,0.976190
secure,Verträge,80,5,18,0.941176,0.816327,0.874317
