policy,structure,tp,fp,fn,precision,recall,f1
secure,regular,125,6,12,0.954198,0.912409,0.932836
secure,structured,116,11,17,0.913386,0.872180,0.892308
secure,unstructured,131,1,9,0.992424,0.935714,0.963235
