policy,domain,tp,fp,fn,precision,recall,f1
secure,Chats,117,6,2,0.951220,0.983193,0.966942
secure,E-Mail,65,1,2,0.984848,0.970149,0.977444
secure,HR-Dokumente,80,4,2,0.952381,0.975610,0.963855
secure,Supporttickets,43,0,0,1.000000,1.000000,1.000000
secure,Verträge,98,1,1,0.989899,0.989899,0.989899
