policy,domain,tp,fp,fn,precision,recall,f1
secure,Chats,120,4,0,0.967742,1.000000,0.983607
secure,E-Mail,67,0,0,1.000000,1.000000,1.000000
secure,HR-Dokumente,80,4,2,0.952381,0.975610,0.963855
secure,Supporttickets,43,0,0,1.000000,1.000000,1.000000
secure,Verträge,98,2,0,0.980000,1.000000,0.989899
